{"metaVersion":2,"name":"Processo Thiago","icon":"fad fa-project-diagram","description":"Conceitual para entendimento de como funciona formulário externo.","executionType":"InterfaceWeb","author":"prisma.teste","created":"2023-08-11T08:29:31.000","simple":false,"embedded":false,"tag":"Livre","viewName":"BPM_processo_thiago","contextVariable":[{"id":"4028a98189da9d4f0189dab2868e20b7","processId":97,"processVersion":4,"name":"email","label":"Email","variableType":"String","visible":true,"orderField":1,"visibleForRequester":true,"deprecated":false,"visibleForDecisionCenter":false},{"id":"4028a98189da9d4f0189dab2868720b6","processId":97,"processVersion":4,"name":"posto","label":"Posto de Trabalho","variableType":"String","visible":true,"orderField":0,"visibleForRequester":true,"deprecated":false,"visibleForDecisionCenter":false}],"services":[],"customAssignments":[],"conectorConfigurations":[],"conectorInputConfigurationValues":[],"formUrl":"https://localhost.senior.com.br/","variableVisibility":"ALWAYS","attachTabVisibility":true,"taskVisibleAfterTreated":false}